{"cameraMode":{"drawMode":0,"name":"Shaded","section":"Shading Mode"},"sceneLighting":true,"audioPlay":false,"sceneViewState":{"showFog":true,"showMaterialUpdate":false,"showSkybox":true,"showFlares":true,"showImageEffects":true,"showParticleSystems":true},"in2DMode":false,"pivot":{"x":0.8860918283462524,"y":0.7316177487373352,"z":11.994110107421875},"rotation":{"x":-0.02339787967503071,"y":-0.00780543964356184,"z":0.00018305332923773676,"w":-0.9997086524963379},"size":22.0,"orthographic":false}