{"cameraMode":{"drawMode":0,"name":"Shaded","section":"Shading Mode"},"sceneLighting":true,"audioPlay":false,"sceneViewState":{"showFog":true,"showMaterialUpdate":false,"showSkybox":true,"showFlares":true,"showImageEffects":true,"showParticleSystems":true},"in2DMode":false,"pivot":{"x":-37.84157943725586,"y":7.379580020904541,"z":16.97350311279297},"rotation":{"x":-0.03061697818338871,"y":-0.912167489528656,"z":0.4027740955352783,"w":-0.06936439126729965},"size":3.5234358310699465,"orthographic":false}